Id,FirstName,LastName,Email,Gender,IPAddress
1,Kahlil,Franey,kfraney0@yahoo.co.jp,Male,168.85.127.187
2,Tasia,McCosh,tmccosh1@imageshack.us,Female,220.113.110.215
3,Berget,Reboul,breboul2@marketwatch.com,Female,18.232.50.224
4,Marty,Chislett,mchislett3@skyrock.com,Female,240.167.179.154
5,Wilhelmine,Aldin,waldin4@skype.com,Female,96.65.10.218
6,Fredericka,Treamayne,ftreamayne5@china.com.cn,Female,132.223.29.89
7,Kim,Topley,ktopley6@time.com,Female,97.33.52.27
8,Abbi,Berriball,aberriball7@google.com.br,Female,9.126.0.92
9,Cointon,Mowles,cmowles8@wikispaces.com,Male,118.205.20.55
10,Arvin,Osboldstone,aosboldstone9@omniture.com,Male,76.178.156.182
11,Faye,Deeves,fdeevesa@ucoz.com,Female,155.14.178.198
12,Inge,Vellacott,ivellacottb@dion.ne.jp,Genderqueer,82.138.83.152
13,Gregoor,Witheridge,gwitheridgec@is.gd,Male,161.209.113.48
14,Kellsie,Rodnight,krodnightd@economist.com,Female,204.145.103.238
15,Janet,Keates,jkeatese@imdb.com,Female,43.221.217.48
16,Anna,Haith,ahaithf@cisco.com,Non-binary,110.240.65.72
17,Angela,Insley,ainsleyg@4shared.com,Female,206.144.138.87
18,Marsha,Hiscoe,mhiscoeh@hp.com,Female,203.177.221.171
19,Brook,Drewery,bdreweryi@shutterfly.com,Non-binary,55.35.64.8
20,Andonis,Ramsden,aramsdenj@squidoo.com,Male,73.89.246.0
21,Dorothee,MacAdam,dmacadamk@scribd.com,Female,201.247.121.243
22,Rustin,Gabbatt,rgabbattl@joomla.org,Male,187.111.183.78
23,Stephie,Oscroft,soscroftm@trellian.com,Female,40.105.49.139
24,Codee,Spanswick,cspanswickn@china.com.cn,Female,96.131.206.88
25,Jamaal,Lorne,jlorneo@abc.net.au,Male,207.177.99.154
26,Mannie,Mason,mmasonp@woothemes.com,Male,189.136.142.4
27,Merry,Quilty,mquiltyq@about.com,Male,79.38.77.56
28,Farrel,Carrodus,fcarrodusr@wikipedia.org,Male,9.16.171.10
29,Gan,Labroue,glabroues@squidoo.com,Male,176.191.154.98
30,Bat,McDuff,bmcdufft@pcworld.com,Male,231.57.27.98
31,Teirtza,Trembley,ttrembleyu@mayoclinic.com,Female,28.241.191.174
32,Leland,Danilovitch,ldanilovitchv@tamu.edu,Female,152.101.1.91
33,Basia,Bowcher,bbowcherw@moonfruit.com,Female,149.86.243.68
34,Kingston,Dumingos,kdumingosx@dropbox.com,Male,97.161.36.156
35,Neile,Peniello,npenielloy@bravesites.com,Female,78.246.91.188
36,Roxine,Peyes,rpeyesz@oakley.com,Female,73.158.117.220
37,Tanner,Upston,tupston10@google.co.jp,Male,220.91.250.1
38,Tracey,Poacher,tpoacher11@theglobeandmail.com,Female,115.206.152.184
39,Cecily,Kleinplac,ckleinplac12@yellowpages.com,Bigender,50.156.46.121
40,Leonard,Klimkin,lklimkin13@tiny.cc,Male,104.100.38.56
41,Susan,Gotmann,sgotmann14@bravesites.com,Female,130.153.24.189
42,Cass,Draude,cdraude15@washington.edu,Male,197.240.57.221
43,Robbi,Chesley,rchesley16@discuz.net,Female,168.113.96.160
44,Minnie,Durban,mdurban17@ft.com,Female,108.24.53.33
45,Shermy,Dykes,sdykes18@sina.com.cn,Male,108.225.99.212
46,Yettie,Houdmont,yhoudmont19@1und1.de,Female,60.28.170.33
47,Shelbi,de Quesne,sdequesne1a@un.org,Female,38.90.123.140
48,Adamo,Gresswood,agresswood1b@symantec.com,Male,246.196.18.196
49,Hanna,Skully,hskully1c@archive.org,Agender,46.243.147.38
50,Phyllida,Onraet,ponraet1d@who.int,Female,167.186.12.39
51,Walther,Shirtliff,wshirtliff1e@ovh.net,Male,158.96.59.128
52,Florri,Wrathall,fwrathall1f@pinterest.com,Female,74.82.57.20
53,Kean,Chansonnau,kchansonnau1g@wikia.com,Male,230.77.75.224
54,Oriana,Ailsbury,oailsbury1h@soundcloud.com,Female,170.18.74.124
55,Eulalie,McElvogue,emcelvogue1i@spotify.com,Female,57.16.77.21
56,Thorpe,Wingar,twingar1j@mapquest.com,Male,207.16.45.36
57,Will,Bover,wbover1k@netscape.com,Male,231.62.50.40
58,Augie,Crenshaw,acrenshaw1l@trellian.com,Male,50.4.233.58
59,Margarethe,Fawthrop,mfawthrop1m@sohu.com,Female,219.108.161.133
60,Carla,Gillooly,cgillooly1n@hugedomains.com,Female,80.0.226.217
61,Mareah,Helin,mhelin1o@theguardian.com,Female,79.176.3.103
62,Florencia,Morgan,fmorgan1p@51.la,Female,204.152.95.80
63,Samuele,De'Vere - Hunt,sdeverehunt1q@samsung.com,Male,91.211.169.82
64,Trumann,Riggey,triggey1r@theguardian.com,Male,128.72.24.25
65,Bonny,Roney,broney1s@phoca.cz,Female,46.246.115.168
66,Jeramey,Cason,jcason1t@economist.com,Male,95.2.96.142
67,Leah,Spat,lspat1u@hhs.gov,Female,155.234.214.187
68,Norby,Curd,ncurd1v@plala.or.jp,Male,248.235.203.180
69,Reggis,Rice,rrice1w@cloudflare.com,Non-binary,202.86.184.240
70,Shermy,Mewes,smewes1x@woothemes.com,Male,131.44.62.10
71,Cobb,Skeels,cskeels1y@nasa.gov,Male,195.20.231.176
72,Gloriana,Gatcliff,ggatcliff1z@netscape.com,Female,180.1.200.3
73,Karina,Frostick,kfrostick20@liveinternet.ru,Female,184.107.80.89
74,Aubree,Vlasyev,avlasyev21@nyu.edu,Female,244.3.80.101
75,Bryana,Woolger,bwoolger22@elegantthemes.com,Agender,52.161.116.243
76,Reuven,Ockenden,rockenden23@tripod.com,Male,138.21.79.120
77,Chlo,Saldler,csaldler24@theglobeandmail.com,Female,86.123.151.133
78,Kylie,MacAlaster,kmacalaster25@cbslocal.com,Male,115.215.59.31
79,Lizbeth,Bartoszewski,lbartoszewski26@nps.gov,Female,59.172.95.54
80,Batholomew,Brownsea,bbrownsea27@nationalgeographic.com,Male,106.25.244.159
81,Silvie,Bredbury,sbredbury28@google.com,Polygender,197.194.25.7
82,Cassandry,Stygall,cstygall29@economist.com,Female,62.44.225.180
83,Xever,Iianon,xiianon2a@forbes.com,Male,51.39.196.152
84,Clarice,Longcake,clongcake2b@pen.io,Agender,187.18.177.73
85,Willabella,Stonehewer,wstonehewer2c@indiatimes.com,Female,9.40.64.126
86,Sinclare,Greedy,sgreedy2d@opensource.org,Male,45.9.242.198
87,Briant,Simonaitis,bsimonaitis2e@chronoengine.com,Male,33.127.159.146
88,Annadiane,Bruineman,abruineman2f@cdbaby.com,Female,152.212.0.163
89,Sidoney,Grzelewski,sgrzelewski2g@twitpic.com,Female,194.116.18.222
90,Karisa,Gumm,kgumm2h@icq.com,Female,159.239.57.254
91,Lucias,Brelsford,lbrelsford2i@list-manage.com,Male,12.68.60.187
92,Tiff,Yanshin,tyanshin2j@posterous.com,Polygender,245.189.192.102
93,Lyle,Culshaw,lculshaw2k@jiathis.com,Male,222.203.141.61
94,Rolph,Ivie,rivie2l@youtu.be,Male,76.18.46.95
95,Carl,Reuben,creuben2m@creativecommons.org,Male,105.42.1.212
96,Rikki,Collymore,rcollymore2n@sourceforge.net,Male,200.2.162.171
97,Webb,Quodling,wquodling2o@foxnews.com,Male,213.130.110.193
98,Marsiella,Dykins,mdykins2p@pen.io,Female,200.46.123.194
99,Minne,Damiral,mdamiral2q@stumbleupon.com,Female,247.53.19.53
100,Gerianne,Hofton,ghofton2r@reuters.com,Female,8.23.163.165
